"Algorithm","Hash","Path"
"SHA256","16CA0D7730A258B9CE5E12BB0351AA0375809004BDE0AEF29F25BDE5F44B2E6E","C:\SPACE\src\space\docs\evidence\phase-1\20260910-204520\adr-status.csv"
"SHA256","0A55613DEF99489A401D953A3390FB4990A5041442319C74AFE04E395A3A3EF8","C:\SPACE\src\space\docs\evidence\phase-1\20260910-204520\clippy.txt"
"SHA256","2784E101EDD628CFDCAD3D2FEAF084F9B18A3580A96F61B94534DC470FAAE943","C:\SPACE\src\space\docs\evidence\phase-1\20260910-204520\compatibility-matrix.md"
"SHA256","11C4FD06FF0FE6FAC5B48DD72DB4C3E4583B8245836331486AFEAE12DB3DF10C","C:\SPACE\src\space\docs\evidence\phase-1\20260910-204520\enumeration-scaling.md"
"SHA256","5F807F65C07021FB889BC30E7968511F169D5A3C7A17FBBC48AEFD7FB4474BDE","C:\SPACE\src\space\docs\evidence\phase-1\20260910-204520\environment.json"
"SHA256","B38A370A9EAB3834395547968634B4B4ADAA8F63A72FBF3BB74FCE85F1060867","C:\SPACE\src\space\docs\evidence\phase-1\20260910-204520\EXPLORER-CHECKLIST.md"
"SHA256","A0F64468F059E67637FA975A1E032E347D62E71CE43A828BEB32BFDE19F69BAA","C:\SPACE\src\space\docs\evidence\phase-1\20260910-204520\fault-injection.txt"
"SHA256","3B784534E68B29AADFB079A8A4AEFF5B40EA66F6A62B69558E65B8E02D30AEF2","C:\SPACE\src\space\docs\evidence\phase-1\20260910-204520\fmt.txt"
"SHA256","FA205776EB83FDCC9DB1E47DBEB51C3A3082AB6EBA25139F90E4955ABDC7DCC0","C:\SPACE\src\space\docs\evidence\phase-1\20260910-204520\fuzz-op-sequence-fullbudget.txt"
"SHA256","DE857FBED9C758F5E6245E0132C835E7465D7E171E939922560E5D088A01E690","C:\SPACE\src\space\docs\evidence\phase-1\20260910-204520\fuzz-results.txt"
"SHA256","0045C3F7A69136677B66B74C4222D4980D712FF96C607DB13CCB043464179B75","C:\SPACE\src\space\docs\evidence\phase-1\20260910-204520\git-commit.txt"
"SHA256","D0DACD7DF48AE1AD90FB30E81BC26812F401D0475E621C1C9409358293F79431","C:\SPACE\src\space\docs\evidence\phase-1\20260910-204520\git-dirty.txt"
"SHA256","E3B0C44298FC1C149AFBF4C8996FB92427AE41E4649B934CA495991B7852B855","C:\SPACE\src\space\docs\evidence\phase-1\20260910-204520\git-tags.txt"
"SHA256","C3B1372BD00FF3D081131AE9C197F5BACB35310B2DC8F7D5C4576443011BC468","C:\SPACE\src\space\docs\evidence\phase-1\20260910-204520\inventory.csv"
"SHA256","05CA2E614122A6AE18D3550ED9393E8B5000CC3D302E1FF74CCACB7A0FD6A8AE","C:\SPACE\src\space\docs\evidence\phase-1\20260910-204520\io-stress.txt"
"SHA256","9CAC5CB7D008BDBAEF615B56714AF395AE03B174D39F5394CAEB3B2BC66F94C4","C:\SPACE\src\space\docs\evidence\phase-1\20260910-204520\kill-matrix.txt"
"SHA256","BBE8FEC876172BCC0472047F928571FCF1DDA03C250D012BC0386245BB6FD69C","C:\SPACE\src\space\docs\evidence\phase-1\20260910-204520\LEDGER.md"
"SHA256","BE71124A2ED041B991ADB8DD34C8FEC9F6BFE0CE57E930BC10FC164380766DE3","C:\SPACE\src\space\docs\evidence\phase-1\20260910-204520\MANIFEST.md"
"SHA256","92414015822567994C78340D77CC39B22983F391B1A72C54B9A597089EFF93B8","C:\SPACE\src\space\docs\evidence\phase-1\20260910-204520\mount-functional-test.txt"
"SHA256","0FEA00B996CD3C21079DD741E35A435AF4879810235A608DAAE1D0B1094B3620","C:\SPACE\src\space\docs\evidence\phase-1\20260910-204520\mount-stress.txt"
"SHA256","15C4A55905BA572FD40557BE3EBF0E6E1C7519649F58F2B6C3756471FC4CA42C","C:\SPACE\src\space\docs\evidence\phase-1\20260910-204520\ntstatus-matrix.md"
"SHA256","C329CBE56A5754387B52E620CBB0D0F5EE51D63C48EA9905992EFD6B01CF05EC","C:\SPACE\src\space\docs\evidence\phase-1\20260910-204520\os-safety.txt"
"SHA256","2009B10745715FD8233240A0AD34F82520F4D860A5F6972E728BB5297FB988DE","C:\SPACE\src\space\docs\evidence\phase-1\20260910-204520\PHASE-1-CERTIFICATION.md"
"SHA256","B21D6D4F425D3EA82A437CA1A537AF870E9E33EBD3BB205526C27C5DF58C7A35","C:\SPACE\src\space\docs\evidence\phase-1\20260910-204520\REQUIREMENTS.md"
"SHA256","2FD763A2EE79D45075C9098AF54B949408A26CF08E92CC1CA69DEB7F84EBE7C2","C:\SPACE\src\space\docs\evidence\phase-1\20260910-204520\shutdown-states.txt"
"SHA256","6F638511DB5907C81FF1A0A8FC43FBC484B4D85031B16F37FC1CD1EABFF7BBE0","C:\SPACE\src\space\docs\evidence\phase-1\20260910-204520\soak-samples.csv"
"SHA256","9985A470D1797975D78F9EC1DC6FFE8FC019F621FBC3F9FEE617817CE6378A47","C:\SPACE\src\space\docs\evidence\phase-1\20260910-204520\test-results-release.txt"
"SHA256","D37B178E84AB88B85DD04A9A4060B852EAEB60A36FB4DF9AB584C561443EEE57","C:\SPACE\src\space\docs\evidence\phase-1\20260910-204520\test-results.txt"
"SHA256","CAAA4973440B7EE73F41659C4F7D99DDF077797CE31B9A440ED4C24706B4BBF0","C:\SPACE\src\space\docs\evidence\phase-1\20260910-204520\toolchain.txt"
"SHA256","9E1717AC15E8131E7B06301A568254662E99F96EBEC9DAB0536CC45456664B88","C:\SPACE\src\space\docs\evidence\phase-1\20260910-204520\winfsp-version.txt"
"SHA256","57462658A67A774514BB3DEACCD9A275DD53524FE9618C4F4A8B21EAF31947B5","C:\SPACE\src\space\docs\evidence\phase-1\20260910-204520\logs\bench-err.log"
"SHA256","2F49303A36214E65E392F6612D76D8AF44C24D18581E97BB0397514090E78630","C:\SPACE\src\space\docs\evidence\phase-1\20260910-204520\logs\bench-nul-out.log"
"SHA256","2F49303A36214E65E392F6612D76D8AF44C24D18581E97BB0397514090E78630","C:\SPACE\src\space\docs\evidence\phase-1\20260910-204520\logs\bench-out.log"
"SHA256","73871664CB28F4044C6518DD2F4561879C2C9E7621713BBB8C8C58FB68FF9439","C:\SPACE\src\space\docs\evidence\phase-1\20260910-204520\logs\clean-err.log"
"SHA256","2F49303A36214E65E392F6612D76D8AF44C24D18581E97BB0397514090E78630","C:\SPACE\src\space\docs\evidence\phase-1\20260910-204520\logs\clean-out.log"
"SHA256","759F7349BADF32DDE9FEAD47C41D7001B01690CF78192596B46486DDE6423193","C:\SPACE\src\space\docs\evidence\phase-1\20260910-204520\logs\dbg-err.log"
"SHA256","2F49303A36214E65E392F6612D76D8AF44C24D18581E97BB0397514090E78630","C:\SPACE\src\space\docs\evidence\phase-1\20260910-204520\logs\dbg-out.log"
"SHA256","73C81DC118F774AF37C9443934ECF5F8590FE0AD66BF0ED99A72491D8F4D2E35","C:\SPACE\src\space\docs\evidence\phase-1\20260910-204520\logs\diag-err.log"
"SHA256","2F49303A36214E65E392F6612D76D8AF44C24D18581E97BB0397514090E78630","C:\SPACE\src\space\docs\evidence\phase-1\20260910-204520\logs\diag-out.log"
"SHA256","8AD054875806B46479C1917446A67C03CB3662FAB560F9BEE922D310261FE46F","C:\SPACE\src\space\docs\evidence\phase-1\20260910-204520\logs\fault-err.log"
"SHA256","2F49303A36214E65E392F6612D76D8AF44C24D18581E97BB0397514090E78630","C:\SPACE\src\space\docs\evidence\phase-1\20260910-204520\logs\fault-out.log"
"SHA256","764174585C3701D1988411FA9112C81412D5C9106B74F092586B348FB2896908","C:\SPACE\src\space\docs\evidence\phase-1\20260910-204520\logs\final-err.log"
"SHA256","2F49303A36214E65E392F6612D76D8AF44C24D18581E97BB0397514090E78630","C:\SPACE\src\space\docs\evidence\phase-1\20260910-204520\logs\final-out.log"
"SHA256","45E5E5829223CC85520EC8D642CE63335C3448FD5794F04959228E3CAEE6ADE8","C:\SPACE\src\space\docs\evidence\phase-1\20260910-204520\logs\final2-err.log"
"SHA256","2F49303A36214E65E392F6612D76D8AF44C24D18581E97BB0397514090E78630","C:\SPACE\src\space\docs\evidence\phase-1\20260910-204520\logs\final2-out.log"
"SHA256","460D1C3DE6FE76301DB370540D38386E9A2B99D2EB067A6DF92D006B645D2FFB","C:\SPACE\src\space\docs\evidence\phase-1\20260910-204520\logs\fix-err.log"
"SHA256","2F49303A36214E65E392F6612D76D8AF44C24D18581E97BB0397514090E78630","C:\SPACE\src\space\docs\evidence\phase-1\20260910-204520\logs\fix-out.log"
"SHA256","E3B0C44298FC1C149AFBF4C8996FB92427AE41E4649B934CA495991B7852B855","C:\SPACE\src\space\docs\evidence\phase-1\20260910-204520\logs\flush-err.log"
"SHA256","2F49303A36214E65E392F6612D76D8AF44C24D18581E97BB0397514090E78630","C:\SPACE\src\space\docs\evidence\phase-1\20260910-204520\logs\flush-out.log"
"SHA256","D590A93D715932A1A066B213058DCFE43D3986543445D1046D5A88A2DDAF0F02","C:\SPACE\src\space\docs\evidence\phase-1\20260910-204520\logs\gi-err.log"
"SHA256","2F49303A36214E65E392F6612D76D8AF44C24D18581E97BB0397514090E78630","C:\SPACE\src\space\docs\evidence\phase-1\20260910-204520\logs\gi-out.log"
"SHA256","AADADD8C65438AE5839D81DCC0FBB98A95766E582525D6E56A79F20F9DC4B935","C:\SPACE\src\space\docs\evidence\phase-1\20260910-204520\logs\grp-err.log"
"SHA256","2F49303A36214E65E392F6612D76D8AF44C24D18581E97BB0397514090E78630","C:\SPACE\src\space\docs\evidence\phase-1\20260910-204520\logs\grp-out.log"
"SHA256","5F6BF649713CA1B71CD5D370953179B0B408D98F64C095A6C299006AD1282935","C:\SPACE\src\space\docs\evidence\phase-1\20260910-204520\logs\guard-err.log"
"SHA256","2F49303A36214E65E392F6612D76D8AF44C24D18581E97BB0397514090E78630","C:\SPACE\src\space\docs\evidence\phase-1\20260910-204520\logs\guard-out.log"
"SHA256","68868AB7755BC8087ED81C4FEC58394C2DA50044B6E2D19156757790FE86AAC6","C:\SPACE\src\space\docs\evidence\phase-1\20260910-204520\logs\guard2-err.log"
"SHA256","2F49303A36214E65E392F6612D76D8AF44C24D18581E97BB0397514090E78630","C:\SPACE\src\space\docs\evidence\phase-1\20260910-204520\logs\guard2-out.log"
"SHA256","CFA8BAF98D66EB5AB26935EEC1952D97188916107D7E5A87284FD4C11B87AF8D","C:\SPACE\src\space\docs\evidence\phase-1\20260910-204520\logs\h-err.log"
"SHA256","2F49303A36214E65E392F6612D76D8AF44C24D18581E97BB0397514090E78630","C:\SPACE\src\space\docs\evidence\phase-1\20260910-204520\logs\h-out.log"
"SHA256","C87CBC8499FBD4D3E46BD01CE9CD7D7E595F9E652B84696E8C546FD6B5924CEF","C:\SPACE\src\space\docs\evidence\phase-1\20260910-204520\logs\iostress-err.log"
"SHA256","2F49303A36214E65E392F6612D76D8AF44C24D18581E97BB0397514090E78630","C:\SPACE\src\space\docs\evidence\phase-1\20260910-204520\logs\iostress-out.log"
"SHA256","92CC8C06C2C4FBD6F6104F215D943B444C3BB576654E513BE661823A32F0DD65","C:\SPACE\src\space\docs\evidence\phase-1\20260910-204520\logs\kill-err.log"
"SHA256","2F49303A36214E65E392F6612D76D8AF44C24D18581E97BB0397514090E78630","C:\SPACE\src\space\docs\evidence\phase-1\20260910-204520\logs\kill-out.log"
"SHA256","B0EABF8966C5F5171D0A7D69E1C5E7A55F1731115773ACEA6393B7368D5286C0","C:\SPACE\src\space\docs\evidence\phase-1\20260910-204520\logs\live-err.log"
"SHA256","2F49303A36214E65E392F6612D76D8AF44C24D18581E97BB0397514090E78630","C:\SPACE\src\space\docs\evidence\phase-1\20260910-204520\logs\live-out.log"
"SHA256","182508A95317AD8108D21AEB63295AF511AE202B3FBCC8B675FCFFAC3FA034BD","C:\SPACE\src\space\docs\evidence\phase-1\20260910-204520\logs\mount-stderr.log"
"SHA256","2F49303A36214E65E392F6612D76D8AF44C24D18581E97BB0397514090E78630","C:\SPACE\src\space\docs\evidence\phase-1\20260910-204520\logs\mount-stdout.log"
"SHA256","10EFF44B2E08D2E166BFF1C522B4C11B20DF6758DD3A42F2D6EC6115B1448703","C:\SPACE\src\space\docs\evidence\phase-1\20260910-204520\logs\ms-err.log"
"SHA256","2F49303A36214E65E392F6612D76D8AF44C24D18581E97BB0397514090E78630","C:\SPACE\src\space\docs\evidence\phase-1\20260910-204520\logs\ms-out.log"
"SHA256","8EABCE85B9F22937626DFC91EEA081DD99794DE8647F0F549E241CEF786042C8","C:\SPACE\src\space\docs\evidence\phase-1\20260910-204520\logs\perf-err.log"
"SHA256","E3B0C44298FC1C149AFBF4C8996FB92427AE41E4649B934CA495991B7852B855","C:\SPACE\src\space\docs\evidence\phase-1\20260910-204520\logs\perf-out.log"
"SHA256","CAEDF6D8A9BECDDC70AABDF77EFDD719AB6A82B6F178B2D2E71D168895766371","C:\SPACE\src\space\docs\evidence\phase-1\20260910-204520\logs\probe-err.log"
"SHA256","2F49303A36214E65E392F6612D76D8AF44C24D18581E97BB0397514090E78630","C:\SPACE\src\space\docs\evidence\phase-1\20260910-204520\logs\probe-out.log"
"SHA256","0471A95D9A9DBAEBD90978D4D2443BE051A96F0B19A77D677B1A67B5E5338690","C:\SPACE\src\space\docs\evidence\phase-1\20260910-204520\logs\probe-ready-err.log"
"SHA256","2F49303A36214E65E392F6612D76D8AF44C24D18581E97BB0397514090E78630","C:\SPACE\src\space\docs\evidence\phase-1\20260910-204520\logs\probe-ready-out.log"
"SHA256","18AC6D9D56975B4F0839566F2E63BF3CBA58A2FC1A7F09BBD857E8C930B6C3F9","C:\SPACE\src\space\docs\evidence\phase-1\20260910-204520\logs\r2-err.log"
"SHA256","2F49303A36214E65E392F6612D76D8AF44C24D18581E97BB0397514090E78630","C:\SPACE\src\space\docs\evidence\phase-1\20260910-204520\logs\r2-out.log"
"SHA256","21D4DF1833B726FA7AAF95D9454C110EF73189D0BA662D3BB26C08E16A2B88F8","C:\SPACE\src\space\docs\evidence\phase-1\20260910-204520\logs\reg-err.log"
"SHA256","E3B0C44298FC1C149AFBF4C8996FB92427AE41E4649B934CA495991B7852B855","C:\SPACE\src\space\docs\evidence\phase-1\20260910-204520\logs\reg-out.log"
"SHA256","945544236841DD82650C0E74FEF379230CB393A4AC4BE3DD644AB0F60F66C237","C:\SPACE\src\space\docs\evidence\phase-1\20260910-204520\logs\repro-err.log"
"SHA256","2F49303A36214E65E392F6612D76D8AF44C24D18581E97BB0397514090E78630","C:\SPACE\src\space\docs\evidence\phase-1\20260910-204520\logs\repro-out.log"
"SHA256","7A8D74AFD21B01BEEDDA8A9845156EC7EF93BD713B308F151F61772DA25D3B2D","C:\SPACE\src\space\docs\evidence\phase-1\20260910-204520\logs\shutdown-err.log"
"SHA256","2F49303A36214E65E392F6612D76D8AF44C24D18581E97BB0397514090E78630","C:\SPACE\src\space\docs\evidence\phase-1\20260910-204520\logs\shutdown-out.log"
"SHA256","E3B0C44298FC1C149AFBF4C8996FB92427AE41E4649B934CA495991B7852B855","C:\SPACE\src\space\docs\evidence\phase-1\20260910-204520\logs\sinkcheck-err.log"
"SHA256","2F49303A36214E65E392F6612D76D8AF44C24D18581E97BB0397514090E78630","C:\SPACE\src\space\docs\evidence\phase-1\20260910-204520\logs\sinkcheck-out.log"
"SHA256","6D0A05C39DA085A1BB0B40CD3BAF6F6863C178A1219288EC52E3317FB10BE6EA","C:\SPACE\src\space\docs\evidence\phase-1\20260910-204520\logs\soak-err.log"
"SHA256","2F49303A36214E65E392F6612D76D8AF44C24D18581E97BB0397514090E78630","C:\SPACE\src\space\docs\evidence\phase-1\20260910-204520\logs\soak-out.log"
"SHA256","88C06EDF34FB686EA0DF249B58F907B2EFC478DE58DA114E19C05E188DE672CE","C:\SPACE\src\space\docs\evidence\phase-1\20260910-204520\logs\stress-err.log"
"SHA256","2F49303A36214E65E392F6612D76D8AF44C24D18581E97BB0397514090E78630","C:\SPACE\src\space\docs\evidence\phase-1\20260910-204520\logs\stress-out.log"
"SHA256","2F49303A36214E65E392F6612D76D8AF44C24D18581E97BB0397514090E78630","C:\SPACE\src\space\docs\evidence\phase-1\20260910-204520\logs\stress-preflight-out.log"
"SHA256","E1BDE62FE20282D3BE7A973DB2EC5AD5A4F0BDCE1C5D613EE636AA6212C1E021","C:\SPACE\src\space\docs\evidence\phase-1\20260910-204520\logs\stress-preflight.log"
"SHA256","D129620FA8ADAFF46014DF0107522D45E953588E2CCB2D919BC1B796817B0C8B","C:\SPACE\src\space\docs\evidence\phase-1\20260910-204520\logs\t3-err.log"
"SHA256","2F49303A36214E65E392F6612D76D8AF44C24D18581E97BB0397514090E78630","C:\SPACE\src\space\docs\evidence\phase-1\20260910-204520\logs\t3-out.log"
"SHA256","F1390C17ECE73B7663FF23387F6EC89EED11ECCA67CB12ABAA531832CAFA2BD2","C:\SPACE\src\space\docs\evidence\phase-1\20260910-204520\logs\w-err.log"
"SHA256","E3B0C44298FC1C149AFBF4C8996FB92427AE41E4649B934CA495991B7852B855","C:\SPACE\src\space\docs\evidence\phase-1\20260910-204520\logs\w-out.log"
"SHA256","41797123D49D04066A3F9575056366BE212944A01C2A0449C62A16EFB97B9E7F","C:\SPACE\src\space\docs\evidence\phase-1\20260910-204520\logs\w2-err.log"
"SHA256","2F49303A36214E65E392F6612D76D8AF44C24D18581E97BB0397514090E78630","C:\SPACE\src\space\docs\evidence\phase-1\20260910-204520\logs\w2-out.log"
